business_name,category,phone,website,address,source
Bush Air Conditioning,hvac,(850) 769-0327,,"327 E 15th St, Panama City, FL 32405",web search 2026-09-27 via yelp.com - verify
Stephens Air Conditioning & Heating Service,hvac,(850) 784-0810,stephensservicecompany.com,,web search 2026-09-27 - verify
Quincy's Heating & Air Conditioning,hvac,(850) 235-8834,quincysair.com,,web search 2026-09-27 - verify
Parker Services Inc.,hvac,(850) 977-7722,panamacityac.com,"758 W 13th St Unit 4, Panama City, FL 32401",web search 2026-09-27 - verify
Bailey's Air Conditioning & Heating,hvac,(850) 960-8057,baileyshvac.com,,web search 2026-09-27 - verify
Ridge Heating & Air Conditioning,hvac,,ridgeac.com,,web search 2026-09-27 - verify
Bruce's Heating & Cooling,hvac,(850) 230-3009,brucesheatingandcooling.com,,web search 2026-09-27 - verify
Superior AC,hvac,,asuperiormechanical.com,,web search 2026-09-27 - verify
PanCare of Florida - Panama City Dental,dentist,(850) 767-3350,pancarefl.org,"403 E 11th St, Panama City, FL 32401",web search 2026-09-27 - verify
Bay Smile Docs,dentist,(850) 271-2341,baysmiledocs.com,,web search 2026-09-27 - verify
Personal Attention Dental Center,dentist,(850) 763-8030,,,web search 2026-09-27 - verify
Forest Park Dental,dentist,(850) 785-8586,forestparkdentalpc.com,,web search 2026-09-27 - verify
Panhandle Dental Care,dentist,,dentistinpanamacityfl.com,,web search 2026-09-27 - verify
Harrison Dental Associates,dentist,,,,web search 2026-09-27 - verify
Kennon Dental Associates,dentist,,,,web search 2026-09-27 - verify
Baldwin Family Dental,dentist,,,,web search 2026-09-27 - verify
Panama City Smiles,dentist,,,,web search 2026-09-27 - verify
Cove Dental Care,dentist,,,,web search 2026-09-27 - verify
Bay Dental Center,dentist,,,,web search 2026-09-27 - verify
Plumb Better,plumber,(850) 914-3036,plumbbetter.com,"314 W 8th St, Panama City, FL 32401",web search 2026-09-27 - verify
Jimmy Lumley Plumbing,plumber,(850) 769-2681,,"823 S Hwy 22A, Panama City, FL 32404",web search 2026-09-27 via yelp.com - verify
Hobbs Plumbing,plumber,(850) 763-2001,hobbsplumbing.biz,"920 N East Ave, Panama City, FL 32401",web search 2026-09-27 - verify
West End Plumbing Contractors,plumber,(850) 233-8315,,"22616 Panama City Beach Pkwy, Panama City Beach, FL 32413",web search 2026-09-27 via yelp.com - verify
Bowden's Plumbing & Electrical,plumber,(850) 265-4945,,"Panama City, FL 32409",web search 2026-09-27 via yelp.com - verify
Certified Roofing Solutions,roofer,(850) 588-6388,,"3604 Hwy 390, Panama City, FL 32405",web search 2026-09-27 via yelp.com - verify
Andrews Roofing and Construction,roofer,(850) 248-9456,,"207 Aberdeen Pkwy, Panama City, FL 32405",web search 2026-09-27 via yelp.com - verify
Greg's Roofing of Bay County,roofer,(850) 769-7883,,"5206 Kirkland Ln, Panama City, FL 32404",web search 2026-09-27 via yelp.com - verify
Panama City Roofing Company,roofer,(850) 640-6020,panamacityroofingcompany.net,,web search 2026-09-27 - verify
Mitchell Brothers Roofing,roofer,(850) 596-0104,mitchellbrosroof.com,"2517 10 Acre Rd, Panama City, FL 32405",web search 2026-09-27 - verify
Panama City Roofers,roofer,(850) 331-7695,panamacityroofers.net,,web search 2026-09-27 - verify
Gulf Coast Roofing,roofer,(850) 465-7663,gulfcoastroofing.net,"740 15th St Ste A, Panama City, FL 32401",web search 2026-09-27 - verify
Kenny Strange Electric,electrician,(850) 215-8030,,"2436 N East Ave, Panama City, FL 32405",web search 2026-09-27 via yelp.com - verify
Meyers Electric,electrician,(850) 588-4341,,"1806 Brown Ave, Panama City, FL 32405",web search 2026-09-27 via yelp.com - verify
Gulf Coast Electric,electrician,(850) 279-5749,gcedestin.com,"1523 Lisenby Ave, Panama City, FL 32405",web search 2026-09-27 - verify
Panama City Electricians,electrician,(850) 730-0778,panamacityelectricians.com,,web search 2026-09-27 - verify
Jerry Pybus Electric,electrician,(850) 784-2766,jerrypybuselectric.com,,web search 2026-09-27 - verify
Complete Electric,electrician,(850) 258-4518,iheartelectric.com,,web search 2026-09-27 - verify
Chiropractic Care of Panama City,chiropractor,(850) 588-2070,,"500 Airport Rd, Panama City, FL 32405",web search 2026-09-27 via yelp.com - verify
Beach Chiropractic Clinic,chiropractor,(850) 234-2387,beachchiropractic.com,"2427 Thomas Dr, Panama City, FL 32408",web search 2026-09-27 - verify
Bauman Chiropractic,chiropractor,(850) 785-8311,,"3613 N Highway 231, Panama City, FL 32404",web search 2026-09-27 via yelp.com - verify
Strength Medical Group,chiropractor,(850) 990-7140,strengthmedicalgroups.com,"714 E 4th St, Panama City, FL 32401",web search 2026-09-27 - verify
Elite Chiropractic and Wellness,chiropractor,(850) 704-0008,elitechiropc.com,"2634 N Jenks Ave, Panama City, FL 32405",web search 2026-09-27 - verify
Panama City Chiropractic,chiropractor,,,"3501 W Hwy 98, Panama City, FL",web search 2026-09-27 via yelp.com - verify
Chiropractic Worx,chiropractor,,panamacitychiropractic.com,"Panama City Beach, FL",web search 2026-09-27 - verify
Coastal Plastic Surgery Institute Med Spa,beauty_spa,(850) 233-7674,coastalplasticsurgeryinstitute.com,"600 Grand Panama Blvd Ste 101B, Panama City Beach, FL 32407",web search 2026-09-27 - verify
Panama City Laser & MedSpa,beauty_spa,,,"528 W Baldwin Rd, Panama City, FL",web search 2026-09-27 via yelp.com - verify
Illume Medical Spa,beauty_spa,,,"2614 Jenks Ave, Panama City, FL",web search 2026-09-27 via yelp.com - verify
Southern Serenity & Co. Med Spa,beauty_spa,,,"Panama City, FL",web search 2026-09-27 via facebook.com - verify
Daja View Property Management,property_management,(850) 629-9991,,"Panama City Beach, FL",web search 2026-09-27 via yelp.com - verify
Holiday Beach Rentals,property_management,(850) 249-3684,holidaybeachrentals.com,,web search 2026-09-27 - verify
Emerald Coast Destinations,property_management,(850) 890-0065,emeraldcoastpcb.com,,web search 2026-09-27 - verify
Grand Welcome Panama City Beach,property_management,(850) 771-2977,pcbpropertymanagement.com,,web search 2026-09-27 - verify
Emerald Beach Properties,property_management,(850) 234-0997,emeraldbeachproperties.com,,web search 2026-09-27 - verify
Vacations Perfected,property_management,,vacationsperfected.com,,web search 2026-09-27 - verify
Panhandle Getaways,property_management,,panhandlegetaways.com,,web search 2026-09-27 - verify
Emerald Coast Auto Repair,auto_repair,(850) 769-6933,,"1115 W 15th St, Panama City, FL 32401",web search 2026-09-27 via yelp.com - verify
Affordable Auto Repair,auto_repair,(850) 628-0088,,"1354 Martin Luther King Jr Blvd, Panama City, FL 32401",web search 2026-09-27 via yelp.com - verify
Gagnon's Tire & Auto Center,auto_repair,(850) 747-0096,,"104 E 6th St, Panama City, FL 32401",web search 2026-09-27 - verify
Dynamic Automotive & 4x4,auto_repair,(850) 763-0555,dynamicautomotiveand4x4.com,"1301 E 11th St, Panama City, FL 32401",web search 2026-09-27 - verify
Garrett's Automotive Service,auto_repair,(850) 257-7077,garrettswreckerservicepc.com,"2626 W 23rd St, Panama City, FL",web search 2026-09-27 - verify
Beach Auto Care,auto_repair,(850) 249-8416,beachautocarefl.com,"20017 Panama City Beach Pkwy, Panama City Beach, FL 32413",web search 2026-09-27 - verify
Ronnie's Auto Parts & Repairs,auto_repair,(850) 233-6550,,"7724 Panama City Beach Pkwy, Panama City Beach, FL 32407",web search 2026-09-27 via yelp.com - verify
Bayview Veterinary Hospital,veterinarian,(850) 784-0196,,"Panama City, FL",web search 2026-09-27 via facebook.com - verify
Panama City Animal Hospital,veterinarian,(850) 784-6914,pcanimalhospital.com,"4307 N Hwy 231, Panama City, FL",web search 2026-09-27 - verify
Bay Animal Hospital,veterinarian,(850) 763-2133,,"2003 E 5th St, Panama City, FL",web search 2026-09-27 via yelp.com - verify
Forest Park Animal Hospital,veterinarian,(850) 769-0305,,"2640 Jenks Ave, Panama City, FL",web search 2026-09-27 via yelp.com - verify
Dr. Norm's Westside Animal Hospital,veterinarian,(850) 708-1080,drnormsanimalhospital.com,"Panama City Beach, FL",web search 2026-09-27 - verify
Gulf Winds Animal Hospital,veterinarian,(850) 233-8383,gulfwindsanimalhospital.com,"Panama City Beach, FL",web search 2026-09-27 - verify
Breeze Animal Hospital,veterinarian,,,"9222 Panama City Beach Pkwy, Panama City Beach, FL",web search 2026-09-27 via yelp.com - verify
Parkway Animal Hospital,veterinarian,,parkwayahfl.com,,web search 2026-09-27 - verify
Studio 37,hair_salon,(850) 249-0288,,"8317 Front Beach Rd Ste 37c, Panama City Beach, FL 32407",web search 2026-09-27 via yelp.com - verify
Hair Benders,hair_salon,(850) 234-9031,thehairbenderssalon.com,"8021 Front Beach Rd, Panama City Beach, FL 32407",web search 2026-09-27 - verify
Indulgence Salon,hair_salon,(850) 234-2100,,"11501 Hutchison Blvd Ste 106, Panama City Beach, FL 32407",web search 2026-09-27 via yelp.com - verify
Hairology of Panama City Beach,hair_salon,(850) 588-7353,hairologypcb.com,"9902 S Thomas Dr Ste 12, Panama City Beach, FL 32408",web search 2026-09-27 - verify
Paradigm Salon & Spa,hair_salon,(850) 234-3791,paradigmsalonspa.com,"1225 Airport Rd, Panama City, FL 32405",web search 2026-09-27 - verify
TwistedScissorz,hair_salon,(850) 588-5231,twistedscissorz.com,"2317 Thomas Dr, Panama City Beach, FL 32408",web search 2026-09-27 - verify
Walborsky Bradley & Fleming,lawyer,(850) 250-4252,walborsky.com,,web search 2026-09-27 - verify
The Watson Firm,lawyer,(850) 607-2929,watsonfirm.com,,web search 2026-09-27 - verify
Perry & Young,lawyer,(850) 215-7777,perry-young.com,"Panama City Beach, FL",web search 2026-09-27 - verify
Law Office of J.J. Talbott,lawyer,(850) 695-8331,talbottlawfirm.com,,web search 2026-09-27 - verify
"Syfrett, Dykes & Furr",lawyer,(850) 795-4979,sdf-law.com,,web search 2026-09-27 - verify
Waynes Pest Control,pest_control,(850) 785-8844,callwaynes.com,,web search 2026-09-27 - verify
A To Z Pest Control,pest_control,(850) 257-6603,atozpestcontrolfl.com,"Panama City Beach, FL 32407",web search 2026-09-27 - verify
Panama City Pest Control Pros,pest_control,(850) 273-6334,panamacitypestcontrolpros.com,,web search 2026-09-27 - verify
Panama City Pest Control Xperts,pest_control,(850) 919-3868,panamacitypestcontrolxperts.com,,web search 2026-09-27 - verify
Full Sail Realty of NWFL,real_estate,(850) 348-1673,fullsailnwfl.com,,web search 2026-09-27 - verify
Counts Real Estate Group - Panama City,real_estate,(850) 248-3615,countspanamacity.com,,web search 2026-09-27 - verify
Counts Real Estate Group - Panama City Beach,real_estate,(850) 249-3615,countspcb.com,,web search 2026-09-27 - verify
RE/MAX Freedom,real_estate,(850) 806-2288,,,web search 2026-09-27 - verify
