business_name,category,phone,email,website,address,email_status,email_sent_at,call_status,call_notes
Bush Air Conditioning,hvac,(850) 769-0327,,,"327 E 15th St, Panama City, FL 32405",,,,
Stephens Air Conditioning & Heating Service,hvac,(850) 784-0810,,stephensservicecompany.com,,,,,
Quincy's Heating & Air Conditioning,hvac,(850) 235-8834,,quincysair.com,,,,,
Parker Services Inc.,hvac,(850) 977-7722,,panamacityac.com,"758 W 13th St Unit 4, Panama City, FL 32401",,,,
Bailey's Air Conditioning & Heating,hvac,(850) 960-8057,,baileyshvac.com,,,,,
Bruce's Heating & Cooling,hvac,(850) 230-3009,,brucesheatingandcooling.com,,,,,
PanCare of Florida - Panama City Dental,dentist,(850) 767-3350,,pancarefl.org,"403 E 11th St, Panama City, FL 32401",,,,
Bay Smile Docs,dentist,(850) 271-2341,,baysmiledocs.com,,,,,
Personal Attention Dental Center,dentist,(850) 763-8030,,,,,,,
Forest Park Dental,dentist,(850) 785-8586,,forestparkdentalpc.com,,,,,
Plumb Better,plumber,(850) 914-3036,,plumbbetter.com,"314 W 8th St, Panama City, FL 32401",,,,
Jimmy Lumley Plumbing,plumber,(850) 769-2681,,,"823 S Hwy 22A, Panama City, FL 32404",,,,
Hobbs Plumbing,plumber,(850) 763-2001,,hobbsplumbing.biz,"920 N East Ave, Panama City, FL 32401",,,,
West End Plumbing Contractors,plumber,(850) 233-8315,,,"22616 Panama City Beach Pkwy, Panama City Beach, FL 32413",,,,
Bowden's Plumbing & Electrical,plumber,(850) 265-4945,,,"Panama City, FL 32409",,,,
Certified Roofing Solutions,roofer,(850) 588-6388,,,"3604 Hwy 390, Panama City, FL 32405",,,,
Andrews Roofing and Construction,roofer,(850) 248-9456,,,"207 Aberdeen Pkwy, Panama City, FL 32405",,,,
Greg's Roofing of Bay County,roofer,(850) 769-7883,,,"5206 Kirkland Ln, Panama City, FL 32404",,,,
Panama City Roofing Company,roofer,(850) 640-6020,,panamacityroofingcompany.net,,,,,
Mitchell Brothers Roofing,roofer,(850) 596-0104,,mitchellbrosroof.com,"2517 10 Acre Rd, Panama City, FL 32405",,,,
Panama City Roofers,roofer,(850) 331-7695,,panamacityroofers.net,,,,,
Gulf Coast Roofing,roofer,(850) 465-7663,,gulfcoastroofing.net,"740 15th St Ste A, Panama City, FL 32401",,,,
Kenny Strange Electric,electrician,(850) 215-8030,,,"2436 N East Ave, Panama City, FL 32405",,,,
Meyers Electric,electrician,(850) 588-4341,,,"1806 Brown Ave, Panama City, FL 32405",,,,
Gulf Coast Electric,electrician,(850) 279-5749,,gcedestin.com,"1523 Lisenby Ave, Panama City, FL 32405",,,,
Panama City Electricians,electrician,(850) 730-0778,,panamacityelectricians.com,,,,,
Jerry Pybus Electric,electrician,(850) 784-2766,,jerrypybuselectric.com,,,,,
Complete Electric,electrician,(850) 258-4518,,iheartelectric.com,,,,,
Chiropractic Care of Panama City,chiropractor,(850) 588-2070,,,"500 Airport Rd, Panama City, FL 32405",,,,
Beach Chiropractic Clinic,chiropractor,(850) 234-2387,,beachchiropractic.com,"2427 Thomas Dr, Panama City, FL 32408",,,,
Bauman Chiropractic,chiropractor,(850) 785-8311,,,"3613 N Highway 231, Panama City, FL 32404",,,,
Strength Medical Group,chiropractor,(850) 990-7140,,strengthmedicalgroups.com,"714 E 4th St, Panama City, FL 32401",,,,
Elite Chiropractic and Wellness,chiropractor,(850) 704-0008,,elitechiropc.com,"2634 N Jenks Ave, Panama City, FL 32405",,,,
Coastal Plastic Surgery Institute Med Spa,beauty_spa,(850) 233-7674,,coastalplasticsurgeryinstitute.com,"600 Grand Panama Blvd Ste 101B, Panama City Beach, FL 32407",,,,
Daja View Property Management,property_management,(850) 629-9991,,,"Panama City Beach, FL",,,,
Holiday Beach Rentals,property_management,(850) 249-3684,,holidaybeachrentals.com,,,,,
Emerald Coast Destinations,property_management,(850) 890-0065,,emeraldcoastpcb.com,,,,,
Grand Welcome Panama City Beach,property_management,(850) 771-2977,,pcbpropertymanagement.com,,,,,
Emerald Beach Properties,property_management,(850) 234-0997,,emeraldbeachproperties.com,,,,,
Emerald Coast Auto Repair,auto_repair,(850) 769-6933,,,"1115 W 15th St, Panama City, FL 32401",,,,
Affordable Auto Repair,auto_repair,(850) 628-0088,,,"1354 Martin Luther King Jr Blvd, Panama City, FL 32401",,,,
Gagnon's Tire & Auto Center,auto_repair,(850) 747-0096,,,"104 E 6th St, Panama City, FL 32401",,,,
Dynamic Automotive & 4x4,auto_repair,(850) 763-0555,,dynamicautomotiveand4x4.com,"1301 E 11th St, Panama City, FL 32401",,,,
Garrett's Automotive Service,auto_repair,(850) 257-7077,,garrettswreckerservicepc.com,"2626 W 23rd St, Panama City, FL",,,,
Beach Auto Care,auto_repair,(850) 249-8416,,beachautocarefl.com,"20017 Panama City Beach Pkwy, Panama City Beach, FL 32413",,,,
Ronnie's Auto Parts & Repairs,auto_repair,(850) 233-6550,,,"7724 Panama City Beach Pkwy, Panama City Beach, FL 32407",,,,
Bayview Veterinary Hospital,veterinarian,(850) 784-0196,,,"Panama City, FL",,,,
Panama City Animal Hospital,veterinarian,(850) 784-6914,,pcanimalhospital.com,"4307 N Hwy 231, Panama City, FL",,,,
Bay Animal Hospital,veterinarian,(850) 763-2133,,,"2003 E 5th St, Panama City, FL",,,,
Forest Park Animal Hospital,veterinarian,(850) 769-0305,,,"2640 Jenks Ave, Panama City, FL",,,,
Dr. Norm's Westside Animal Hospital,veterinarian,(850) 708-1080,,drnormsanimalhospital.com,"Panama City Beach, FL",,,,
Gulf Winds Animal Hospital,veterinarian,(850) 233-8383,,gulfwindsanimalhospital.com,"Panama City Beach, FL",,,,
Studio 37,hair_salon,(850) 249-0288,,,"8317 Front Beach Rd Ste 37c, Panama City Beach, FL 32407",,,,
Hair Benders,hair_salon,(850) 234-9031,,thehairbenderssalon.com,"8021 Front Beach Rd, Panama City Beach, FL 32407",,,,
Indulgence Salon,hair_salon,(850) 234-2100,,,"11501 Hutchison Blvd Ste 106, Panama City Beach, FL 32407",,,,
Hairology of Panama City Beach,hair_salon,(850) 588-7353,,hairologypcb.com,"9902 S Thomas Dr Ste 12, Panama City Beach, FL 32408",,,,
Paradigm Salon & Spa,hair_salon,(850) 234-3791,,paradigmsalonspa.com,"1225 Airport Rd, Panama City, FL 32405",,,,
TwistedScissorz,hair_salon,(850) 588-5231,,twistedscissorz.com,"2317 Thomas Dr, Panama City Beach, FL 32408",,,,
Walborsky Bradley & Fleming,lawyer,(850) 250-4252,,walborsky.com,,,,,
The Watson Firm,lawyer,(850) 607-2929,,watsonfirm.com,,,,,
Perry & Young,lawyer,(850) 215-7777,,perry-young.com,"Panama City Beach, FL",,,,
Law Office of J.J. Talbott,lawyer,(850) 695-8331,,talbottlawfirm.com,,,,,
"Syfrett, Dykes & Furr",lawyer,(850) 795-4979,,sdf-law.com,,,,,
Waynes Pest Control,pest_control,(850) 785-8844,,callwaynes.com,,,,,
A To Z Pest Control,pest_control,(850) 257-6603,,atozpestcontrolfl.com,"Panama City Beach, FL 32407",,,,
Panama City Pest Control Pros,pest_control,(850) 273-6334,,panamacitypestcontrolpros.com,,,,,
Panama City Pest Control Xperts,pest_control,(850) 919-3868,,panamacitypestcontrolxperts.com,,,,,
Full Sail Realty of NWFL,real_estate,(850) 348-1673,,fullsailnwfl.com,,,,,
Counts Real Estate Group - Panama City,real_estate,(850) 248-3615,,countspanamacity.com,,,,,
Counts Real Estate Group - Panama City Beach,real_estate,(850) 249-3615,,countspcb.com,,,,,
RE/MAX Freedom,real_estate,(850) 806-2288,,,,,,,
