lead_id,business_name,category,phone,email,website,address,city,source,email_status,email_sent_at,email_error,call_status,call_notes,do_not_contact
import-bush-air-conditioning-0327,Bush Air Conditioning,hvac,(850) 769-0327,,,"327 E 15th St, Panama City, FL 32405","Panama City, Florida",web search 2026-09-27 via yelp.com - verify,,,,,,
import-stephens-air-conditioning-heating-service-0810,Stephens Air Conditioning & Heating Service,hvac,(850) 784-0810,,stephensservicecompany.com,,"Panama City, Florida",web search 2026-09-27 - verify,,,,,,
import-quincy-s-heating-air-conditioning-8834,Quincy's Heating & Air Conditioning,hvac,(850) 235-8834,,quincysair.com,,"Panama City, Florida",web search 2026-09-27 - verify,,,,,,
import-parker-services-inc-7722,Parker Services Inc.,hvac,(850) 977-7722,,panamacityac.com,"758 W 13th St Unit 4, Panama City, FL 32401","Panama City, Florida",web search 2026-09-27 - verify,,,,,,
import-bailey-s-air-conditioning-heating-8057,Bailey's Air Conditioning & Heating,hvac,(850) 960-8057,,baileyshvac.com,,"Panama City, Florida",web search 2026-09-27 - verify,,,,,,
import-ridge-heating-air-conditioning-,Ridge Heating & Air Conditioning,hvac,,,ridgeac.com,,"Panama City, Florida",web search 2026-09-27 - verify,,,,,,
import-bruce-s-heating-cooling-3009,Bruce's Heating & Cooling,hvac,(850) 230-3009,,brucesheatingandcooling.com,,"Panama City, Florida",web search 2026-09-27 - verify,,,,,,
import-superior-ac-,Superior AC,hvac,,,asuperiormechanical.com,,"Panama City, Florida",web search 2026-09-27 - verify,,,,,,
import-pancare-of-florida-panama-city-dental-3350,PanCare of Florida - Panama City Dental,dentist,(850) 767-3350,,pancarefl.org,"403 E 11th St, Panama City, FL 32401","Panama City, Florida",web search 2026-09-27 - verify,,,,,,
import-bay-smile-docs-2341,Bay Smile Docs,dentist,(850) 271-2341,,baysmiledocs.com,,"Panama City, Florida",web search 2026-09-27 - verify,,,,,,
import-personal-attention-dental-center-8030,Personal Attention Dental Center,dentist,(850) 763-8030,,,,"Panama City, Florida",web search 2026-09-27 - verify,,,,,,
import-forest-park-dental-8586,Forest Park Dental,dentist,(850) 785-8586,,forestparkdentalpc.com,,"Panama City, Florida",web search 2026-09-27 - verify,,,,,,
import-panhandle-dental-care-,Panhandle Dental Care,dentist,,,dentistinpanamacityfl.com,,"Panama City, Florida",web search 2026-09-27 - verify,,,,,,
import-harrison-dental-associates-,Harrison Dental Associates,dentist,,,,,"Panama City, Florida",web search 2026-09-27 - verify,,,,,,
import-kennon-dental-associates-,Kennon Dental Associates,dentist,,,,,"Panama City, Florida",web search 2026-09-27 - verify,,,,,,
import-baldwin-family-dental-,Baldwin Family Dental,dentist,,,,,"Panama City, Florida",web search 2026-09-27 - verify,,,,,,
import-panama-city-smiles-,Panama City Smiles,dentist,,,,,"Panama City, Florida",web search 2026-09-27 - verify,,,,,,
import-cove-dental-care-,Cove Dental Care,dentist,,,,,"Panama City, Florida",web search 2026-09-27 - verify,,,,,,
import-bay-dental-center-,Bay Dental Center,dentist,,,,,"Panama City, Florida",web search 2026-09-27 - verify,,,,,,
import-plumb-better-3036,Plumb Better,plumber,(850) 914-3036,,plumbbetter.com,"314 W 8th St, Panama City, FL 32401","Panama City, Florida",web search 2026-09-27 - verify,,,,,,
import-jimmy-lumley-plumbing-2681,Jimmy Lumley Plumbing,plumber,(850) 769-2681,,,"823 S Hwy 22A, Panama City, FL 32404","Panama City, Florida",web search 2026-09-27 via yelp.com - verify,,,,,,
import-hobbs-plumbing-2001,Hobbs Plumbing,plumber,(850) 763-2001,,hobbsplumbing.biz,"920 N East Ave, Panama City, FL 32401","Panama City, Florida",web search 2026-09-27 - verify,,,,,,
import-west-end-plumbing-contractors-8315,West End Plumbing Contractors,plumber,(850) 233-8315,,,"22616 Panama City Beach Pkwy, Panama City Beach, FL 32413","Panama City, Florida",web search 2026-09-27 via yelp.com - verify,,,,,,
import-bowden-s-plumbing-electrical-4945,Bowden's Plumbing & Electrical,plumber,(850) 265-4945,,,"Panama City, FL 32409","Panama City, Florida",web search 2026-09-27 via yelp.com - verify,,,,,,
import-certified-roofing-solutions-6388,Certified Roofing Solutions,roofer,(850) 588-6388,,,"3604 Hwy 390, Panama City, FL 32405","Panama City, Florida",web search 2026-09-27 via yelp.com - verify,,,,,,
import-andrews-roofing-and-construction-9456,Andrews Roofing and Construction,roofer,(850) 248-9456,,,"207 Aberdeen Pkwy, Panama City, FL 32405","Panama City, Florida",web search 2026-09-27 via yelp.com - verify,,,,,,
import-greg-s-roofing-of-bay-county-7883,Greg's Roofing of Bay County,roofer,(850) 769-7883,,,"5206 Kirkland Ln, Panama City, FL 32404","Panama City, Florida",web search 2026-09-27 via yelp.com - verify,,,,,,
import-panama-city-roofing-company-6020,Panama City Roofing Company,roofer,(850) 640-6020,,panamacityroofingcompany.net,,"Panama City, Florida",web search 2026-09-27 - verify,,,,,,
import-mitchell-brothers-roofing-0104,Mitchell Brothers Roofing,roofer,(850) 596-0104,,mitchellbrosroof.com,"2517 10 Acre Rd, Panama City, FL 32405","Panama City, Florida",web search 2026-09-27 - verify,,,,,,
import-panama-city-roofers-7695,Panama City Roofers,roofer,(850) 331-7695,,panamacityroofers.net,,"Panama City, Florida",web search 2026-09-27 - verify,,,,,,
import-gulf-coast-roofing-7663,Gulf Coast Roofing,roofer,(850) 465-7663,,gulfcoastroofing.net,"740 15th St Ste A, Panama City, FL 32401","Panama City, Florida",web search 2026-09-27 - verify,,,,,,
import-kenny-strange-electric-8030,Kenny Strange Electric,electrician,(850) 215-8030,,,"2436 N East Ave, Panama City, FL 32405","Panama City, Florida",web search 2026-09-27 via yelp.com - verify,,,,,,
import-meyers-electric-4341,Meyers Electric,electrician,(850) 588-4341,,,"1806 Brown Ave, Panama City, FL 32405","Panama City, Florida",web search 2026-09-27 via yelp.com - verify,,,,,,
import-gulf-coast-electric-5749,Gulf Coast Electric,electrician,(850) 279-5749,,gcedestin.com,"1523 Lisenby Ave, Panama City, FL 32405","Panama City, Florida",web search 2026-09-27 - verify,,,,,,
import-panama-city-electricians-0778,Panama City Electricians,electrician,(850) 730-0778,,panamacityelectricians.com,,"Panama City, Florida",web search 2026-09-27 - verify,,,,,,
import-jerry-pybus-electric-2766,Jerry Pybus Electric,electrician,(850) 784-2766,,jerrypybuselectric.com,,"Panama City, Florida",web search 2026-09-27 - verify,,,,,,
import-complete-electric-4518,Complete Electric,electrician,(850) 258-4518,,iheartelectric.com,,"Panama City, Florida",web search 2026-09-27 - verify,,,,,,
import-chiropractic-care-of-panama-city-2070,Chiropractic Care of Panama City,chiropractor,(850) 588-2070,,,"500 Airport Rd, Panama City, FL 32405","Panama City, Florida",web search 2026-09-27 via yelp.com - verify,,,,,,
import-beach-chiropractic-clinic-2387,Beach Chiropractic Clinic,chiropractor,(850) 234-2387,,beachchiropractic.com,"2427 Thomas Dr, Panama City, FL 32408","Panama City, Florida",web search 2026-09-27 - verify,,,,,,
import-bauman-chiropractic-8311,Bauman Chiropractic,chiropractor,(850) 785-8311,,,"3613 N Highway 231, Panama City, FL 32404","Panama City, Florida",web search 2026-09-27 via yelp.com - verify,,,,,,
import-strength-medical-group-7140,Strength Medical Group,chiropractor,(850) 990-7140,,strengthmedicalgroups.com,"714 E 4th St, Panama City, FL 32401","Panama City, Florida",web search 2026-09-27 - verify,,,,,,
import-elite-chiropractic-and-wellness-0008,Elite Chiropractic and Wellness,chiropractor,(850) 704-0008,,elitechiropc.com,"2634 N Jenks Ave, Panama City, FL 32405","Panama City, Florida",web search 2026-09-27 - verify,,,,,,
import-panama-city-chiropractic-,Panama City Chiropractic,chiropractor,,,,"3501 W Hwy 98, Panama City, FL","Panama City, Florida",web search 2026-09-27 via yelp.com - verify,,,,,,
import-chiropractic-worx-,Chiropractic Worx,chiropractor,,,panamacitychiropractic.com,"Panama City Beach, FL","Panama City, Florida",web search 2026-09-27 - verify,,,,,,
import-coastal-plastic-surgery-institute-med-spa-7674,Coastal Plastic Surgery Institute Med Spa,beauty_spa,(850) 233-7674,,coastalplasticsurgeryinstitute.com,"600 Grand Panama Blvd Ste 101B, Panama City Beach, FL 32407","Panama City, Florida",web search 2026-09-27 - verify,,,,,,
import-panama-city-laser-medspa-,Panama City Laser & MedSpa,beauty_spa,,,,"528 W Baldwin Rd, Panama City, FL","Panama City, Florida",web search 2026-09-27 via yelp.com - verify,,,,,,
import-illume-medical-spa-,Illume Medical Spa,beauty_spa,,,,"2614 Jenks Ave, Panama City, FL","Panama City, Florida",web search 2026-09-27 via yelp.com - verify,,,,,,
import-southern-serenity-co-med-spa-,Southern Serenity & Co. Med Spa,beauty_spa,,,,"Panama City, FL","Panama City, Florida",web search 2026-09-27 via facebook.com - verify,,,,,,
import-daja-view-property-management-9991,Daja View Property Management,property_management,(850) 629-9991,,,"Panama City Beach, FL","Panama City, Florida",web search 2026-09-27 via yelp.com - verify,,,,,,
import-holiday-beach-rentals-3684,Holiday Beach Rentals,property_management,(850) 249-3684,,holidaybeachrentals.com,,"Panama City, Florida",web search 2026-09-27 - verify,,,,,,
import-emerald-coast-destinations-0065,Emerald Coast Destinations,property_management,(850) 890-0065,,emeraldcoastpcb.com,,"Panama City, Florida",web search 2026-09-27 - verify,,,,,,
import-grand-welcome-panama-city-beach-2977,Grand Welcome Panama City Beach,property_management,(850) 771-2977,,pcbpropertymanagement.com,,"Panama City, Florida",web search 2026-09-27 - verify,,,,,,
import-emerald-beach-properties-0997,Emerald Beach Properties,property_management,(850) 234-0997,,emeraldbeachproperties.com,,"Panama City, Florida",web search 2026-09-27 - verify,,,,,,
import-vacations-perfected-,Vacations Perfected,property_management,,,vacationsperfected.com,,"Panama City, Florida",web search 2026-09-27 - verify,,,,,,
import-panhandle-getaways-,Panhandle Getaways,property_management,,,panhandlegetaways.com,,"Panama City, Florida",web search 2026-09-27 - verify,,,,,,
import-emerald-coast-auto-repair-6933,Emerald Coast Auto Repair,auto_repair,(850) 769-6933,,,"1115 W 15th St, Panama City, FL 32401","Panama City, Florida",web search 2026-09-27 via yelp.com - verify,,,,,,
import-affordable-auto-repair-0088,Affordable Auto Repair,auto_repair,(850) 628-0088,,,"1354 Martin Luther King Jr Blvd, Panama City, FL 32401","Panama City, Florida",web search 2026-09-27 via yelp.com - verify,,,,,,
import-gagnon-s-tire-auto-center-0096,Gagnon's Tire & Auto Center,auto_repair,(850) 747-0096,,,"104 E 6th St, Panama City, FL 32401","Panama City, Florida",web search 2026-09-27 - verify,,,,,,
import-dynamic-automotive-4x4-0555,Dynamic Automotive & 4x4,auto_repair,(850) 763-0555,,dynamicautomotiveand4x4.com,"1301 E 11th St, Panama City, FL 32401","Panama City, Florida",web search 2026-09-27 - verify,,,,,,
import-garrett-s-automotive-service-7077,Garrett's Automotive Service,auto_repair,(850) 257-7077,,garrettswreckerservicepc.com,"2626 W 23rd St, Panama City, FL","Panama City, Florida",web search 2026-09-27 - verify,,,,,,
import-beach-auto-care-8416,Beach Auto Care,auto_repair,(850) 249-8416,,beachautocarefl.com,"20017 Panama City Beach Pkwy, Panama City Beach, FL 32413","Panama City, Florida",web search 2026-09-27 - verify,,,,,,
import-ronnie-s-auto-parts-repairs-6550,Ronnie's Auto Parts & Repairs,auto_repair,(850) 233-6550,,,"7724 Panama City Beach Pkwy, Panama City Beach, FL 32407","Panama City, Florida",web search 2026-09-27 via yelp.com - verify,,,,,,
import-bayview-veterinary-hospital-0196,Bayview Veterinary Hospital,veterinarian,(850) 784-0196,,,"Panama City, FL","Panama City, Florida",web search 2026-09-27 via facebook.com - verify,,,,,,
import-panama-city-animal-hospital-6914,Panama City Animal Hospital,veterinarian,(850) 784-6914,,pcanimalhospital.com,"4307 N Hwy 231, Panama City, FL","Panama City, Florida",web search 2026-09-27 - verify,,,,,,
import-bay-animal-hospital-2133,Bay Animal Hospital,veterinarian,(850) 763-2133,,,"2003 E 5th St, Panama City, FL","Panama City, Florida",web search 2026-09-27 via yelp.com - verify,,,,,,
import-forest-park-animal-hospital-0305,Forest Park Animal Hospital,veterinarian,(850) 769-0305,,,"2640 Jenks Ave, Panama City, FL","Panama City, Florida",web search 2026-09-27 via yelp.com - verify,,,,,,
import-dr-norm-s-westside-animal-hospital-1080,Dr. Norm's Westside Animal Hospital,veterinarian,(850) 708-1080,,drnormsanimalhospital.com,"Panama City Beach, FL","Panama City, Florida",web search 2026-09-27 - verify,,,,,,
import-gulf-winds-animal-hospital-8383,Gulf Winds Animal Hospital,veterinarian,(850) 233-8383,,gulfwindsanimalhospital.com,"Panama City Beach, FL","Panama City, Florida",web search 2026-09-27 - verify,,,,,,
import-breeze-animal-hospital-,Breeze Animal Hospital,veterinarian,,,,"9222 Panama City Beach Pkwy, Panama City Beach, FL","Panama City, Florida",web search 2026-09-27 via yelp.com - verify,,,,,,
import-parkway-animal-hospital-,Parkway Animal Hospital,veterinarian,,,parkwayahfl.com,,"Panama City, Florida",web search 2026-09-27 - verify,,,,,,
import-studio-37-0288,Studio 37,hair_salon,(850) 249-0288,,,"8317 Front Beach Rd Ste 37c, Panama City Beach, FL 32407","Panama City, Florida",web search 2026-09-27 via yelp.com - verify,,,,,,
import-hair-benders-9031,Hair Benders,hair_salon,(850) 234-9031,,thehairbenderssalon.com,"8021 Front Beach Rd, Panama City Beach, FL 32407","Panama City, Florida",web search 2026-09-27 - verify,,,,,,
import-indulgence-salon-2100,Indulgence Salon,hair_salon,(850) 234-2100,,,"11501 Hutchison Blvd Ste 106, Panama City Beach, FL 32407","Panama City, Florida",web search 2026-09-27 via yelp.com - verify,,,,,,
import-hairology-of-panama-city-beach-7353,Hairology of Panama City Beach,hair_salon,(850) 588-7353,,hairologypcb.com,"9902 S Thomas Dr Ste 12, Panama City Beach, FL 32408","Panama City, Florida",web search 2026-09-27 - verify,,,,,,
import-paradigm-salon-spa-3791,Paradigm Salon & Spa,hair_salon,(850) 234-3791,,paradigmsalonspa.com,"1225 Airport Rd, Panama City, FL 32405","Panama City, Florida",web search 2026-09-27 - verify,,,,,,
import-twistedscissorz-5231,TwistedScissorz,hair_salon,(850) 588-5231,,twistedscissorz.com,"2317 Thomas Dr, Panama City Beach, FL 32408","Panama City, Florida",web search 2026-09-27 - verify,,,,,,
import-walborsky-bradley-fleming-4252,Walborsky Bradley & Fleming,lawyer,(850) 250-4252,,walborsky.com,,"Panama City, Florida",web search 2026-09-27 - verify,,,,,,
import-the-watson-firm-2929,The Watson Firm,lawyer,(850) 607-2929,,watsonfirm.com,,"Panama City, Florida",web search 2026-09-27 - verify,,,,,,
import-perry-young-7777,Perry & Young,lawyer,(850) 215-7777,,perry-young.com,"Panama City Beach, FL","Panama City, Florida",web search 2026-09-27 - verify,,,,,,
import-law-office-of-j-j-talbott-8331,Law Office of J.J. Talbott,lawyer,(850) 695-8331,,talbottlawfirm.com,,"Panama City, Florida",web search 2026-09-27 - verify,,,,,,
import-syfrett-dykes-furr-4979,"Syfrett, Dykes & Furr",lawyer,(850) 795-4979,,sdf-law.com,,"Panama City, Florida",web search 2026-09-27 - verify,,,,,,
import-waynes-pest-control-8844,Waynes Pest Control,pest_control,(850) 785-8844,,callwaynes.com,,"Panama City, Florida",web search 2026-09-27 - verify,,,,,,
import-a-to-z-pest-control-6603,A To Z Pest Control,pest_control,(850) 257-6603,,atozpestcontrolfl.com,"Panama City Beach, FL 32407","Panama City, Florida",web search 2026-09-27 - verify,,,,,,
import-panama-city-pest-control-pros-6334,Panama City Pest Control Pros,pest_control,(850) 273-6334,,panamacitypestcontrolpros.com,,"Panama City, Florida",web search 2026-09-27 - verify,,,,,,
import-panama-city-pest-control-xperts-3868,Panama City Pest Control Xperts,pest_control,(850) 919-3868,,panamacitypestcontrolxperts.com,,"Panama City, Florida",web search 2026-09-27 - verify,,,,,,
import-full-sail-realty-of-nwfl-1673,Full Sail Realty of NWFL,real_estate,(850) 348-1673,,fullsailnwfl.com,,"Panama City, Florida",web search 2026-09-27 - verify,,,,,,
import-counts-real-estate-group-panama-city-3615,Counts Real Estate Group - Panama City,real_estate,(850) 248-3615,,countspanamacity.com,,"Panama City, Florida",web search 2026-09-27 - verify,,,,,,
import-counts-real-estate-group-panama-city-beach-3615,Counts Real Estate Group - Panama City Beach,real_estate,(850) 249-3615,,countspcb.com,,"Panama City, Florida",web search 2026-09-27 - verify,,,,,,
import-re-max-freedom-2288,RE/MAX Freedom,real_estate,(850) 806-2288,,,,"Panama City, Florida",web search 2026-09-27 - verify,,,,,,
